[Header],,,,,,,,,,
IEMFileVersion,4,,,,,,,,,
Investigator Name,EK,,,,,,,,,
Experiment Name,805,,,,,,,,,
Date,20/04/18,,,,,,,,,
Workflow,Enrichment,,,,,,,,,
Application,Enrichment,,,,,,,,,
Assay,Nextera Rapid Capture Enrichment,,,,,,,,,
Description,,,,,,,,,,
Chemistry,Amplicon,,,,,,,,,
,,,,,,,,,,
[Manifests],,,,,,,,,,
A,Paediatrics_V2.txt,,,,,,,,,
,,,,,,,,,,
,,,,,,,,,,
[Reads],,,,,,,,,,
76,,,,,,,,,,
76,,,,,,,,,,
,,,,,,,,,,
[Settings],,,,,,,,,,
IndelRealignment,GATK,,,,,,,,,
FlagPCRDuplicates,TRUE,,,,,,,,,
PicardHSMetrics,TRUE,,,,,,,,,
VariantFilterQualityCutoff,30,,,,,,,,,
Adapter,AGATCGGAAGAGCACACGTCTGAACTCCAGTCA,,,,,,,,,
AdapterRead2,AGATCGGAAGAGCGTCGTGTAGGGAAAGAGTGT,,,,,,,,,
VariantCaller,Somatic,,,,,,,,,
,,,,,,,,,,
[Data],,,,,,,,,,
Sample_ID,Sample_Name,Sample_Plate,Sample_Well,Dual_Index_ID,index,index2,Manifest,GenomeFolder,Sample_Project,Description
Promega_GSIC,Promega_GSIC,,,RDA-B10,TCCGCGAA,GCCTCTAT,A,Homo_sapiens\UCSC\hg19\Sequence\WholeGenomeFASTA,,
NTC_GSIC,NTC_GSIC,,,RDA-B11,TCTCGCGC,GCCTCTAT,A,Homo_sapiens\UCSC\hg19\Sequence\WholeGenomeFASTA,,
1713514,1713514-RJ6RMH43840003-T,,,RDA-B12,AGCGATAG,GCCTCTAT,A,Homo_sapiens\UCSC\hg19\Sequence\WholeGenomeFASTA,,
1801120,1801120-RJ6RMH43840005-T,,,RDA-C2,TCCGGAGA,AGGATAGG,A,Homo_sapiens\UCSC\hg19\Sequence\WholeGenomeFASTA,,
1802551,1802551-RMHRMH43840002-T,,,RDA-C3,CGCTCATT,AGGATAGG,A,Homo_sapiens\UCSC\hg19\Sequence\WholeGenomeFASTA,,
1802981,1802981-R1KRMH43840001-T,,,RDA-C4,GAGATTCC,AGGATAGG,A,Homo_sapiens\UCSC\hg19\Sequence\WholeGenomeFASTA,,
1803836,1803836-AMLGP104-T,,,RDA-C5,ATTCAGAA,AGGATAGG,A,Homo_sapiens\UCSC\hg19\Sequence\WholeGenomeFASTA,,
1803837,1803837-AMLGP105-T,,,RDA-C6,GAATTCGT,AGGATAGG,A,Homo_sapiens\UCSC\hg19\Sequence\WholeGenomeFASTA,,
Promega_PAED2,Promega_PAED2,,,RDA-A1,ATTACTCG,AGGCTATA,A,Homo_sapiens\UCSC\hg19\Sequence\WholeGenomeFASTA,,
NTC_PAED2,NTC_PAED2,,,RDA-A2,TCCGGAGA,AGGCTATA,A,Homo_sapiens\UCSC\hg19\Sequence\WholeGenomeFASTA,,
1800701,1800701-11782-T,,,RDA-D1,ATTACTCG,TCAGAGCC,A,Homo_sapiens\UCSC\hg19\Sequence\WholeGenomeFASTA,,
1803600,1803600-148-T,,,RDA-D3,CGCTCATT,TCAGAGCC,A,Homo_sapiens\UCSC\hg19\Sequence\WholeGenomeFASTA,,
1802296,1802296-6527-T,,,RDA-D5,ATTCAGAA,TCAGAGCC,A,Homo_sapiens\UCSC\hg19\Sequence\WholeGenomeFASTA,,
1802295,1802295-15728-T,,,RDA-D7,CTGAAGCT,TCAGAGCC,A,Homo_sapiens\UCSC\hg19\Sequence\WholeGenomeFASTA,,
1802918,1802918-ROME-T,,,RDA-D9,CGGCTATG,TCAGAGCC,A,Homo_sapiens\UCSC\hg19\Sequence\WholeGenomeFASTA,,
1802916,1802916-ROME-T,,,RDA-D11,TCTCGCGC,TCAGAGCC,A,Homo_sapiens\UCSC\hg19\Sequence\WholeGenomeFASTA,,
1802915,1802915-ROME-T,,,RDA-E12,AGCGATAG,CTTCGCCT,A,Homo_sapiens\UCSC\hg19\Sequence\WholeGenomeFASTA,,
1802651,1802651-125-T,,,RDA-D12,AGCGATAG,TCAGAGCC,A,Homo_sapiens\UCSC\hg19\Sequence\WholeGenomeFASTA,,
1802652,1802652-140-T,,,RDA-E10,TCCGCGAA,CTTCGCCT,A,Homo_sapiens\UCSC\hg19\Sequence\WholeGenomeFASTA,,
1711052,1711052-121171-T,,,RDA-E11,TCTCGCGC,CTTCGCCT,A,Homo_sapiens\UCSC\hg19\Sequence\WholeGenomeFASTA,,
1803598,1803598-169-T,,,RDA-E5,ATTCAGAA,CTTCGCCT,A,Homo_sapiens\UCSC\hg19\Sequence\WholeGenomeFASTA,,
1803580,1803580-152-T,,,RDA-E7,CTGAAGCT,CTTCGCCT,A,Homo_sapiens\UCSC\hg19\Sequence\WholeGenomeFASTA,,
1802285,1802285-RJ6RMH43840003-B,,,RDA-C1,ATTACTCG,AGGATAGG,A,Homo_sapiens\UCSC\hg19\Sequence\WholeGenomeFASTA,,
1802552,1802552-RMHRMH43840002-B,,,RDA-C11,TCTCGCGC,AGGATAGG,A,Homo_sapiens\UCSC\hg19\Sequence\WholeGenomeFASTA,,
1802982,1802982-R1KRMH43840001-B,,,RDA-C12,AGCGATAG,AGGATAGG,A,Homo_sapiens\UCSC\hg19\Sequence\WholeGenomeFASTA,,
1803333,1803333-11782-B,,,RDA-D2,TCCGGAGA,TCAGAGCC,A,Homo_sapiens\UCSC\hg19\Sequence\WholeGenomeFASTA,,
1803599,1803599-148-B,,,RDA-E8,TAATGCGC,CTTCGCCT,A,Homo_sapiens\UCSC\hg19\Sequence\WholeGenomeFASTA,,
1803335,1803335-6527-B,,,RDA-D6,GAATTCGT,TCAGAGCC,A,Homo_sapiens\UCSC\hg19\Sequence\WholeGenomeFASTA,,
1803337,1803337-15728-B,,,RDA-D8,TAATGCGC,TCAGAGCC,A,Homo_sapiens\UCSC\hg19\Sequence\WholeGenomeFASTA,,
1802917,1802917-ROME-B,,,RDA-D10,TCCGCGAA,TCAGAGCC,A,Homo_sapiens\UCSC\hg19\Sequence\WholeGenomeFASTA,,
1710883,1710883-125-B,,,RDA-E1,ATTACTCG,CTTCGCCT,A,Homo_sapiens\UCSC\hg19\Sequence\WholeGenomeFASTA,,
1802086,1802086-140-B,,,RDA-E2,TCCGGAGA,CTTCGCCT,A,Homo_sapiens\UCSC\hg19\Sequence\WholeGenomeFASTA,,
1803336,1803336-121171-B,,,RDA-E3,CGCTCATT,CTTCGCCT,A,Homo_sapiens\UCSC\hg19\Sequence\WholeGenomeFASTA,,
1803597,1803597-169-B,,,RDA-E4,GAGATTCC,CTTCGCCT,A,Homo_sapiens\UCSC\hg19\Sequence\WholeGenomeFASTA,,
1803579,1803579-152-B,,,RDA-E6,GAATTCGT,CTTCGCCT,A,Homo_sapiens\UCSC\hg19\Sequence\WholeGenomeFASTA,,
